,index,item_name,main_category,sub_category,unit_buying_price,unit_selling_price,unit_price_margin,quantity,investment,revenue,profit
0,0,1Kg Olive Pack,Fresh Produce,Other Vegies,6.99,10.0,3.0099999999999993,9.088000000000001,63.52512000000001,90.88,27.354879999999994
3,3,2Kg Marsh Grapefruit,Fresh Produce,Citrus Fruits,3.0,5.0,2.0,141.0,423.0,705.0,282.0
4,4,2Kg Royal Gala Apple,Fresh Produce,Apples,0.0,4.5,4.5,60.0,0.0,270.0,270.0
5,5,3Kg Marsh Grapefruit,Fresh Produce,Citrus Fruits,3.0,4.99,1.9900000000000007,31.0,93.0,154.69,61.69000000000002
6,6,3Kg Valencia Oranges,Fresh Produce,Citrus Fruits,2.0,4.5,2.5,1035.0,2070.0,4657.5,2587.5
7,7,Adelaide Tomatoes,Fresh Produce,Tomatoes,0.0,7.990000000000001,7.990000000000001,3.0300000000000002,0.0,24.2097,24.2097
9,9,Afourer Mandarin,Fresh Produce,Citrus Fruits,1.0,2.5,1.5,343.3180000000003,343.3180000000003,858.2950000000004,514.9770000000001
11,11,Alfa Alfa,Fresh Produce,Other Vegies,0.0,2.4000000000000012,2.4000000000000012,120.0,0.0,288.0000000000001,288.0000000000001
17,17,Ambarella,Fresh Produce,Asian Vegies,4.0,4.989999999999998,0.9899999999999995,11.924,47.696,59.50076,11.804759999999998
19,19,Amber Jewl Plum,Fresh Produce,Stonefruits,0.0,1.9899999999999984,1.9899999999999984,30.406000000000002,0.0,60.50794,60.50794
22,22,Annapura Atta 1Kg,Fresh Produce,Root Vegies,2.5,3.990000000000001,1.49,8.0,20.0,31.92000000000001,11.92
23,23,Apple Granny Smith 1Kg Bag,Fresh Produce,Apples,3.0,2.69,-0.31,4.0,12.0,10.76,-1.24
24,24,Apple Granny Smith 2Kg Bags,Fresh Produce,Apples,3.0,4.5,1.5,169.0,507.0,760.5,253.5
25,25,Apple Jazz,Fresh Produce,Apples,2.0,5.989999999999935,3.990000000000008,415.81800000000027,831.6360000000005,2490.749820000003,1659.1138199999994
26,26,Apple Jonathan,Fresh Produce,Apples,2.0,3.0,1.0,155.7840000000001,311.5680000000002,467.35199999999975,155.7840000000001
27,27,Apple Pink Lady 1Kg Punnet,Fresh Produce,Apples,3.5,3.9900000000000015,0.49000000000000016,14.0,49.0,55.86000000000002,6.860000000000002
28,28,Apple Pink Lady 2Kg,Fresh Produce,Apples,3.0,5.0,2.0,559.0,1677.0,2795.0,1118.0
30,30,Apples Fuji,Fresh Produce,Apples,0.0,3.9899999999998355,3.9899999999998355,2030.7699999999975,0.0,8102.772299999986,8102.772299999986
31,31,Apples Golden Delicious,Fresh Produce,Apples,0.0,3.9899999999999496,3.9899999999999496,488.2620000000002,0.0,1948.1653799999985,1948.1653799999985
32,32,Apples Granny Smith,Fresh Produce,Apples,0.0,3.0,3.0,2447.337999999997,0.0,7342.014,7342.014
33,33,Apples Pink Lady,Fresh Produce,Apples,0.0,2.989999999999815,2.989999999999815,4273.473999999995,0.0,12777.68726000001,12777.68726000001
34,34,Apples Red Delicious,Fresh Produce,Apples,0.0,3.0,3.0,789.3640000000009,0.0,2368.092000000001,2368.092000000001
35,35,Apples Royal Gala,Fresh Produce,Apples,0.0,3.0,3.0,2476.8790000000035,0.0,7430.63699999998,7430.63699999998
37,37,Apricots,Fresh Produce,Stonefruits,0.0,3.9899999999998594,3.9899999999998594,782.5389999999999,0.0,3122.330610000004,3122.330610000004
38,38,Artichoke,Fresh Produce,Other Vegies,1.5,1.8000000000000074,0.2999999999999986,648.0,972.0,1166.3999999999999,194.39999999999958
39,39,Artichoke 2 For 3,Fresh Produce,Deals,3.5999999999999996,3.0,-0.5999999999999999,30.0,107.99999999999999,90.0,-18.0
40,40,Artichoke Purple,Fresh Produce,Other Vegies,2.0,2.0,0.0,306.0,612.0,612.0,0.0
41,41,Asparagus 2 For $3,Fresh Produce,Deals,1.0,3.0,2.0,85.0,85.0,255.0,170.0
42,42,Asparagus Loose,Fresh Produce,Other Vegies,0.0,3.99,3.99,4.246,0.0,16.941540000000003,16.941540000000003
47,47,Aussie Cucumber,Fresh Produce,Cucumbers,0.0,3.9900000000000047,3.9900000000000047,38.331999999999994,0.0,152.94468000000003,152.94468000000003
48,48,Australian Asparagus Green,Fresh Produce,Bunch Vegies,2.0,2.7000000000000104,0.6999999999999992,1033.3220000000001,2066.6440000000002,2789.9694000000077,723.3253999999991
49,49,Autum Giant Plum,Fresh Produce,Stonefruits,0.0,2.799999999999999,2.799999999999999,13.920000000000003,0.0,38.976,38.976
50,50,Avana Manadarin,Fresh Produce,Citrus Fruits,0.0,2.5,2.5,91.23000000000002,0.0,228.07500000000002,228.07500000000002
51,51,Avocado 2 For $,Fresh Produce,Deals,1.25,2.0,0.75,364.0,455.0,728.0,273.0
52,52,Avocado Hass Large,Fresh Produce,Avocadoes,1.5,2.5,1.0,2249.0,3373.5,5622.5,2249.0
53,53,Avocado Hass Medium,Fresh Produce,Avocadoes,3.0,1.990000000000008,-1.0099999999999927,1105.0,3315.0,2198.9500000000057,-1116.0499999999918
54,54,Avocado Shepard,Fresh Produce,Avocadoes,0.0,2.0,2.0,989.0,0.0,1978.0,1978.0
55,55,Avocado Small Hass,Fresh Produce,Avocadoes,0.5,2.5,2.0,659.3879999999999,329.69399999999996,1648.4700000000003,1318.7759999999998
56,56,Baby Beetroot 250G,Fresh Produce,Root Vegies,0.0,2.9900000000000078,2.9900000000000078,392.0,0.0,1172.080000000003,1172.080000000003
57,57,Baby Corn,Fresh Produce,Other Vegies,0.0,2.9900000000000064,2.9900000000000064,233.0,0.0,696.6700000000014,696.6700000000014
58,58,Baby Cos 2Pac,Fresh Produce,Lettuces,2.0,2.900000000000056,0.8999999999999844,1254.384,2508.768,3637.713600000055,1128.945599999995
61,61,Banana Cavendish,Fresh Produce,Bananas,2.0,1.9899999999997808,-0.009999999999996742,24348.693000000116,48697.38600000023,48453.89906999981,-243.48693000000011
63,63,Banana Monkey,Fresh Produce,Bananas,0.0,7.9900000000000055,7.9900000000000055,18.562000000000005,0.0,148.31038,148.31038
64,64,Bananas Ladyfinger,Fresh Produce,Bananas,4.5,4.800000000000007,0.30000000000000043,43.75,196.87499999999997,210.0,13.125
68,68,Basil Italian,Fresh Produce,Herbs,0.0,4.0,4.0,437.0,0.0,1748.0,1748.0
75,75,Basil Thai,Fresh Produce,Herbs,0.0,3.0,3.0,75.0,0.0,225.0,225.0
79,79,Bean Sprouts,Fresh Produce,Asian Vegies,1.25,2.0,0.75,611.0,763.75,1222.0,458.25
80,80,Beans Broad,Fresh Produce,Other Vegies,0.0,5.990000000000006,5.990000000000006,71.81799999999996,0.0,430.1898200000001,430.1898200000001
81,81,Beans Green,Fresh Produce,Other Vegies,0.0,4.990000000000143,4.990000000000143,1422.583000000001,0.0,7098.689169999993,7098.689169999993
82,82,Beans Snake,Fresh Produce,Veggies,4.0,8.989999999999899,4.989999999999993,172.86999999999998,691.4799999999999,1554.1012999999998,862.6212999999999
83,83,Beetroot,Fresh Produce,Root Vegies,0.0,2.989999999999885,2.989999999999885,843.9919999999995,0.0,2523.536079999998,2523.536079999998
84,84,Beetroot Bunch,Fresh Produce,Bunch Vegies,0.0,3.9899999999999567,3.9899999999999567,675.0,0.0,2693.249999999972,2693.249999999972
85,85,Beetroot Golden Delicious,Fresh Produce,Bunch Vegies,0.0,4.99,4.99,5.0,0.0,24.950000000000003,24.950000000000003
86,86,Berries Blackberry,Fresh Produce,Berries,0.0,5.0,5.0,34.0,0.0,170.0,170.0
87,87,Berries Blueberry,Fresh Produce,Berries,0.0,3.5,3.5,612.0,0.0,2142.0,2142.0
88,88,Berries Raspberry,Fresh Produce,Berries,0.0,3.5,3.5,62.0,0.0,217.0,217.0
89,89,Berries Strawberry (Large),Fresh Produce,Berries,3.3299999999999486,3.8000000000000944,0.47000000000001557,1675.0,5577.749999999912,6365.000000000102,787.2500000000193
90,90,Berries Strawberry (Medium),Fresh Produce,Berries,0.0,2.5,2.5,3444.0,0.0,8610.0,8610.0
95,95,Bitter Melon,Fresh Produce,Asian Vegies,5.0,4.5,-0.5,475.5109999999997,2377.5549999999976,2139.799499999999,-237.75549999999984
97,97,Black Currents,Fresh Produce,Grapes,0.0,4.989999999999998,4.989999999999998,7.114,0.0,35.49886,35.49886
101,101,Black Pepper Powder100G Pattu,Fresh Produce,Deals,1.6999999999999995,2.990000000000001,1.2899999999999996,19.0,32.29999999999999,56.81000000000002,24.509999999999998
103,103,Black Plum,Fresh Produce,Stonefruits,0.0,2.9899999999999447,2.9899999999999447,562.3540000000002,0.0,1681.4384599999973,1681.4384599999973
105,105,Black Spanish Queen Olives,Fresh Produce,Veggies,4.0,5.290000000000001,1.2899999999999996,16.124,64.496,85.29596000000001,20.79996
108,108,Blood Plums,Fresh Produce,Stonefruits,0.0,4.990000000000007,4.990000000000007,146.55400000000006,0.0,731.3044600000004,731.3044600000004
109,109,Bok Choy,Fresh Produce,Asian Vegies,0.0,0.9899999999999999,0.9899999999999999,3.0,0.0,2.9699999999999998,2.9699999999999998
111,111,Borlotti Beans,Fresh Produce,Veggies,2.3500000000000005,7.989999999999999,5.64,10.938,25.704300000000003,87.39462,61.690319999999986
122,122,Broccoli,Fresh Produce,Other Vegies,0.0,3.5,3.5,2544.839999999994,0.0,8906.939999999986,8906.939999999986
123,123,Broccoli Chinese,Fresh Produce,Asian Vegies,0.0,1.8000000000000063,1.8000000000000063,206.0,0.0,370.80000000000115,370.80000000000115
124,124,Broccoli Chinese 2 For 3.40,Fresh Produce,Deals,0.9900000000000069,3.4000000000000434,2.4100000000000246,735.0,727.6500000000052,2499.0000000000277,1771.3500000000165
125,125,Broccolini,Fresh Produce,Bunch Vegies,0.0,1.5,1.5,591.0,0.0,886.5,886.5
132,132,Brushed Potatoes 5Kg Bag,Fresh Produce,Potatoes,4.5,4.989999999999927,0.49000000000000443,669.0,3010.5,3338.309999999953,327.81000000000284
133,133,Brussels Sprouts,Fresh Produce,Other Vegies,0.0,4.989999999999867,4.989999999999867,387.844,0.0,1935.3415600000008,1935.3415600000008
137,137,Butter Beans,Fresh Produce,Other Vegies,0.0,6.990000000000006,6.990000000000006,27.442,0.0,191.81958000000006,191.81958000000006
139,139,Cabbage  Quater Green,Fresh Produce,Cut Veggies,0.0,1.7,1.7,22.0,0.0,37.4,37.4
140,140,Cabbage Drumhead,Fresh Produce,Cabbages,2.0,3.5,1.5,2.0,4.0,7.0,3.0
141,141,Cabbage Green,Fresh Produce,Cabbages,0.0,4.989999999999943,4.989999999999943,668.0,0.0,3333.3199999999515,3333.3199999999515
142,142,Cabbage Half,Fresh Produce,Cut Veggies,0.0,3.0,3.0,978.0,0.0,2934.0,2934.0
143,143,Cabbage Quater,Fresh Produce,Cut Veggies,0.0,1.7000000000000064,1.7000000000000064,1374.0,0.0,2335.8000000000084,2335.8000000000084
144,144,Cabbage Red,Fresh Produce,Cabbages,0.0,4.5,4.5,111.0,0.0,499.5,499.5
145,145,Cabbage Red Half,Fresh Produce,Cut Veggies,0.0,2.700000000000021,2.700000000000021,422.0,0.0,1139.400000000009,1139.400000000009
146,146,Cabbage Savoy,Fresh Produce,Cabbages,0.0,4.990000000000007,4.990000000000007,277.0,0.0,1382.230000000002,1382.230000000002
147,147,Cabbage Wombok,Fresh Produce,Cabbages,3.75,1.5,-2.25,937.6640000000001,3516.240000000002,1406.4959999999992,-2109.7439999999997
148,148,Calypso Mango,Fresh Produce,Fruits,0.0,1.5,1.5,418.0,0.0,627.0,627.0
149,149,Candy Gem Plum,Fresh Produce,Stonefruits,0.0,4.990000000000007,4.990000000000007,116.10599999999998,0.0,579.36894,579.36894
150,150,Candy Melon,Fresh Produce,Melons,0.0,4.0,4.0,58.0,0.0,232.0,232.0
154,154,Capsicum Green,Fresh Produce,Capsicum,0.0,4.989999999999815,4.989999999999815,1042.9999999999982,0.0,5204.570000000013,5204.570000000013
155,155,Capsicum Red,Fresh Produce,Capsicum,0.0,4.990000000000687,4.990000000000687,2407.5209999999925,0.0,12013.52979000001,12013.52979000001
156,156,Capsicum Yellow,Fresh Produce,Capsicum,0.0,6.5,6.5,152.95599999999982,0.0,994.2139999999999,994.2139999999999
162,162,Carrots,Fresh Produce,Carrots,0.0,1.6999999999998836,1.6999999999998836,2124.9780000000032,0.0,3612.46260000001,3612.46260000001
163,163,Carrots 1Kg,Fresh Produce,Carrots,0.8000000000000234,1.4899999999998719,0.6900000000000424,3638.0,2910.400000000096,5420.619999999555,2510.2200000001517
164,164,Carrots Dutch,Fresh Produce,Root Vegies,0.0,3.0,3.0,101.0,0.0,303.0,303.0
169,169,Cauliflower,Fresh Produce,Other Vegies,2.0,2.9899999999998412,0.9899999999999606,2787.136,5574.272,8333.536639999584,2759.264639999874
170,170,Cauliflower Half,Fresh Produce,Cut Veggies,0.0,2.0,2.0,1290.0,0.0,2580.0,2580.0
171,171,Celeriac,Fresh Produce,Root Vegies,0.0,6.0,6.0,86.0,0.0,516.0,516.0
172,172,Celery,Fresh Produce,Bunch Vegies,0.0,2.989999999999847,2.989999999999847,2496.0,0.0,7463.039999999633,7463.039999999633
173,173,Celery Half,Fresh Produce,Cut Veggies,0.0,1.900000000000057,1.900000000000057,1706.0,0.0,3241.400000000097,3241.400000000097
174,174,Celery Pieces,Fresh Produce,Other Vegies,2.0,4.900000000000062,2.900000000000046,150.24799999999988,300.49599999999975,736.2152000000003,435.7192000000002
178,178,Cherries,Fresh Produce,Other Fruits,0.0,15.990000000000393,15.990000000000393,1113.2929999999992,0.0,17801.555070000013,17801.555070000013
179,179,Cherry 500G,Fresh Produce,Fruits,9.5,9.5,0.0,10.0,95.0,95.0,0.0
180,180,Cherry Truss Tomato,Fresh Produce,Tomatoes,3.5,3.0,-0.5,2.0,7.0,6.0,-1.0
190,190,Chickory,Fresh Produce,Bunch Vegies,2.0,2.799999999999998,0.8000000000000005,58.0,116.0,162.39999999999995,46.400000000000006
194,194,Chilli Birdseye,Fresh Produce,Chillies,0.0,18.0,18.0,9.827999999999992,0.0,176.9040000000001,176.9040000000001
198,198,Chilli Green,Fresh Produce,Chillies,0.0,12.0,12.0,187.04800000000063,0.0,2244.576000000002,2244.576000000002
199,199,Chilli Green Long Bullhorm,Fresh Produce,Chillies,4.5,6.990000000000008,2.490000000000007,95.018,427.581,664.1758200000002,236.59481999999988
200,200,Chilli Jalapeno,Fresh Produce,Chillies,0.0,10.0,10.0,1.4000000000000004,0.0,14.0,14.0
204,204,Chilli Red,Fresh Produce,Chillies,0.0,25.0,25.0,39.80999999999995,0.0,995.2499999999993,995.2499999999993
205,205,Chilli Red Long Bullhorn,Fresh Produce,Chillies,3.5,5.989999999999998,2.4900000000000073,136.39299999999986,477.3754999999996,816.9940700000002,339.6185700000001
206,206,Chilli Yellow Long,Fresh Produce,Chillies,3.0,7.0,4.0,450.41999999999945,1351.260000000002,3152.9399999999932,1801.6799999999978
208,208,Chives,Fresh Produce,Herbs,0.0,3.5,3.5,101.0,0.0,353.5,353.5
213,213,Chokoes,Fresh Produce,Asian Vegies,1.5,3.990000000000005,2.490000000000003,60.544000000000004,90.81600000000002,241.57055999999997,150.75456
214,214,Choy Sum,Fresh Produce,Asian Vegies,0.0,1.199999999999997,1.199999999999997,169.0,0.0,202.79999999999953,202.79999999999953
215,215,Choy Sum 2 For $ 1.99,Fresh Produce,Deals,2.0,1.9900000000000078,-0.00999999999999985,748.0,1496.0,1488.520000000006,-7.4799999999998885
222,222,Clapp Pears,Fresh Produce,Pears,0.0,2.9900000000000007,2.9900000000000007,15.835999999999999,0.0,47.34964000000001,47.34964000000001
230,230,Cocktail Potatoes,Fresh Produce,Potatoes,1.5,3.9899999999999554,2.490000000000008,373.5620000000001,560.3429999999994,1490.5123799999988,930.1693799999995
231,231,Coconut,Fresh Produce,Other Vegies,2.0,3.0,1.0,270.0,540.0,810.0,270.0
240,240,Continental Cucumber 2For 2.40,Fresh Produce,Deals,0.0,2.4000000000000012,2.4000000000000012,39.0,0.0,93.60000000000005,93.60000000000005
241,241,Continental Cucumber Bulk,Fresh Produce,Cucumbers,0.0,3.6272727270000007,3.6272727270000007,11.242,0.0,40.77779999693399,40.77779999693399
245,245,Cooking Banana,Fresh Produce,Asian Vegies,3.5,6.990000000000005,3.4900000000000007,38.295999999999985,134.036,267.68904000000003,133.65304000000003
246,246,Cooking Papaya,Fresh Produce,Asian Vegies,3.5,3.9900000000000047,0.48999999999999966,68.10199999999999,238.35699999999997,271.7269799999999,33.369980000000005
249,249,Coriander,Fresh Produce,Herbs,0.0,1.9899999999998483,1.9899999999998483,4105.0,0.0,8168.949999999436,8168.949999999436
253,253,Corn 3 For 2,Fresh Produce,Deals,0.8000000000000078,2.0,1.2000000000000082,645.0,516.0000000000049,1290.0,774.0000000000048
265,265,Crimson Grapes,Fresh Produce,Grapes,0.0,4.989999999999823,4.989999999999823,1710.3520000000012,0.0,8534.656479999992,8534.656479999992
266,266,Crimson Snow Apples,Fresh Produce,Apples,0.0,3.4900000000000007,3.4900000000000007,4.656,0.0,16.24944,16.24944
269,269,Cucumber Continental,Fresh Produce,Cucumbers,0.0,1.5,1.5,5720.0,0.0,8580.0,8580.0
270,270,Cucumber Lebanese,Fresh Produce,Cucumbers,0.0,4.990000000000592,4.990000000000592,2476.144000000004,0.0,12355.958559999992,12355.958559999992
275,275,Cup Mushroom 250G,Fresh Produce,Mushrooms,0.0,3.0,3.0,31.0,0.0,93.0,93.0
276,276,Curry Leaves,Fresh Produce,Herbs,0.0,2.0,2.0,1143.0,0.0,2286.0,2286.0
278,278,Custard Apple,Fresh Produce,Tropical Fruits,0.0,10.989999999999927,10.989999999999927,159.01200000000006,0.0,1747.541879999999,1747.541879999999
279,279,D'Anjou Pear,Fresh Produce,Pears,0.0,3.5,3.5,27.554000000000002,0.0,96.43900000000004,96.43900000000004
284,284,Daisy Mandarines,Fresh Produce,Citrus Fruits,1.5,4.990000000000002,3.4899999999999993,29.266000000000005,43.899000000000015,146.03734,102.13834000000003
285,285,Dapple Dandy Plum,Fresh Produce,Stonefruits,0.0,3.0,3.0,178.5559999999999,0.0,535.6680000000002,535.6680000000002
400,400,Dill,Fresh Produce,Herbs,0.0,3.0,3.0,880.0,0.0,2640.0,2640.0
402,402,Dragonfruit,Fresh Produce,Tropical Fruits,0.0,14.989999999999919,14.989999999999919,115.34400000000002,0.0,1729.0065600000005,1729.0065600000005
416,416,Drinking Coconut,Fresh Produce,Coconut Products,0.0,3.5,3.5,44.0,0.0,154.0,154.0
419,419,Easy Peal Navel Orange,Fresh Produce,Citrus Fruits,0.0,4.990000000000006,4.990000000000006,155.382,0.0,775.3561799999999,775.3561799999999
424,424,Eggplant,Fresh Produce,Other Vegies,0.0,6.990000000000626,6.990000000000626,2797.4400000000032,0.0,19554.10559999999,19554.10559999999
425,425,Eggplant Lebanese,Fresh Produce,Other Vegies,0.0,6.989999999999882,6.989999999999882,260.65200000000027,0.0,1821.957480000003,1821.957480000003
431,431,Endive,Fresh Produce,Bunch Vegies,0.0,3.0,3.0,471.0,0.0,1413.0,1413.0
437,437,Fennel,Fresh Produce,Other Vegies,0.0,1.7000000000000242,1.7000000000000242,949.0,0.0,1613.3000000000193,1613.3000000000193
442,442,Field Tomatoes,Fresh Produce,Tomatoes,1.6000000000001255,2.9900000000006735,1.3899999999998032,7428.811000000021,11886.097600000005,22212.144890000025,10326.047290000053
443,443,Figs,Fresh Produce,Other Fruits,0.0,1.5,1.5,648.1799999999998,0.0,972.27,972.27
444,444,Figs 2 For $ 1.50,Fresh Produce,Deals,0.75,1.5,0.75,137.0,102.75,205.5,102.75
445,445,Figs 370G Pak,Fresh Produce,Fruits,3.0,4.0,1.0,15.0,45.0,60.0,15.0
448,448,Firm Gold Apple 2Kg,Fresh Produce,Apples,0.0,1.9899999999999993,1.9899999999999993,11.155999999999999,0.0,22.20044,22.20044
449,449,Firm Grapes,Fresh Produce,Grapes,0.0,2.5,2.5,9.834,0.0,24.584999999999997,24.584999999999997
452,452,Flat Beans,Fresh Produce,Other Vegies,0.0,10.0,10.0,427.6719999999997,0.0,4276.72,4276.72
455,455,Fresh Garlic,Fresh Produce,Root Vegies,0.0,0.99,0.99,1.0,0.0,0.99,0.99
467,467,Galangal,Fresh Produce,Veggies,5.0,18.0,13.0,1.8620000000000005,9.31,33.516,24.206
471,471,Garlic 500G,Fresh Produce,Onions,2.0,2.49,0.49,3.0,6.0,7.470000000000001,1.47
472,472,Garlic Chinese 500G,Fresh Produce,Onions,0.0,2.5,2.5,2512.0,0.0,6280.0,6280.0
474,474,Garlic Loose,Fresh Produce,Garlic,0.0,10.0,10.0,583.2239999999982,0.0,5832.240000000008,5832.240000000008
477,477,Garlic Shoots,Fresh Produce,Asian Vegies,0.0,1.8000000000000076,1.8000000000000076,326.0,0.0,586.8000000000012,586.8000000000012
478,478,Garlic Shoots 2For 3.5,Fresh Produce,Deals,0.0,3.5,3.5,239.0,0.0,836.5,836.5
479,479,Garlic Single Clove 250G,Fresh Produce,Onions,0.0,2.900000000000003,2.900000000000003,99.0,0.0,287.1000000000001,287.1000000000001
484,484,Ginger,Fresh Produce,Other Vegies,0.0,10.0,10.0,458.88200000000217,0.0,4588.820000000001,4588.820000000001
489,489,Ginger Gold Apple,Fresh Produce,Apples,0.0,3.5,3.5,70.93,0.0,248.25500000000008,248.25500000000008
492,492,Gold Honeydew,Fresh Produce,Melons,2.5,4.0,1.5,495.0,1237.5,1980.0,742.5
493,493,Gold Kiwi 2 For,Fresh Produce,Deals,1.8,3.0,1.1999999999999929,573.0,1031.4,1719.0,687.5999999999987
495,495,Gold Nugget700G,Fresh Produce,Citrus Fruits,2.1999999999999935,2.0,-0.19999999999999962,186.0,409.1999999999988,372.0,-37.199999999999996
496,496,Gold Nuggets Mandarin,Fresh Produce,Citrus Fruits,2.0,2.990000000000006,0.9899999999999989,122.56199999999998,245.12399999999997,366.46038,121.33637999999995
497,497,Golden Moon Rockmelon,Fresh Produce,Melons,0.0,1.5,1.5,79.0,0.0,118.5,118.5
501,501,Grapefruit Marsh,Fresh Produce,Citrus Fruits,3.5,3.990000000000008,0.4900000000000024,443.9729999999998,1553.9054999999996,1771.4522699999998,217.54676999999992
502,502,Grapefruit Ruby,Fresh Produce,Citrus Fruits,2.0,3.990000000000008,1.9900000000000073,409.9700000000001,819.9400000000002,1635.7803,815.8403000000002
503,503,Grapes Black,Fresh Produce,Grapes,0.0,3.9899999999998204,3.9899999999998204,2384.434,0.0,9513.891659999983,9513.891659999983
504,504,Grapes Calmeria,Fresh Produce,Grapes,3.5,1.9900000000000004,-1.51,23.870000000000005,83.545,47.5013,-36.0437
505,505,Grapes Red Globe,Fresh Produce,Grapes,2.5,4.5,2.0,431.1750000000001,1077.9375,1940.2875000000008,862.3500000000003
506,506,Grapes Sulthana,Fresh Produce,Grapes,2.0,4.989999999999851,2.989999999999898,939.2280000000005,1878.456000000001,4686.747720000001,2808.2917199999983
507,507,Grapes White Seedless,Fresh Produce,Grapes,0.0,2.989999999999846,2.989999999999846,2041.8709999999999,0.0,6105.194289999997,6105.194289999997
510,510,Green Jack Fruits,Fresh Produce,Asian Vegies,0.0,6.990000000000001,6.990000000000001,6.022,0.0,42.09378,42.09378
511,511,Green Kale Bunch,Fresh Produce,Bunch Vegies,1.5,3.0,1.5,903.0,1354.5,2709.0,1354.5
513,513,Green Mango,Fresh Produce,Fruits,2.0,4.990000000000001,2.99,7.686000000000001,15.372000000000002,38.353139999999996,22.98114
515,515,Guava,Fresh Produce,Tropical Fruits,1.0,6.990000000000006,5.990000000000006,57.672000000000025,57.672000000000025,403.1272799999999,345.4552800000001
516,516,Hairy Melon,Fresh Produce,Asian Vegies,2.329999999999999,1.9899999999999995,-0.3399999999999999,10.246,23.873179999999998,20.38954,-3.48364
523,523,Hawaian Sweet Potato,Fresh Produce,Potatoes,2.5,3.989999999999974,1.4900000000000073,469.0280000000001,1172.5700000000006,1871.4217199999991,698.8517200000005
526,526,Honey Gold Mango,Fresh Produce,Fruits,0.0,2.0,2.0,144.0,0.0,288.0,288.0
527,527,Honey Murcott Mandarin,Fresh Produce,Citrus Fruits,2.0,3.990000000000008,1.9900000000000073,398.07100000000025,796.1420000000005,1588.3032900000017,792.1612899999996
528,528,Honey Pear,Fresh Produce,Pears,0.0,2.9900000000000024,2.9900000000000024,46.98399999999999,0.0,140.48216000000002,140.48216000000002
529,529,Honeydew,Fresh Produce,Melons,0.0,4.799999999999968,4.799999999999968,494.0,0.0,2371.1999999999944,2371.1999999999944
530,530,Honeydew Half,Fresh Produce,Cut Fruits,1.0,1.6900000000000002,0.6899999999999997,21.0,21.0,35.49000000000001,14.489999999999993
535,535,Hungarian Capsicum,Fresh Produce,Capsicum,0.0,4.990000000000001,4.990000000000001,6.066,0.0,30.26934,30.26934
543,543,Indian Pearl Pear,Fresh Produce,Pears,0.0,5.5,5.5,1.7239999999999998,0.0,9.482,9.482
544,544,Italian Artichoke Purple,Fresh Produce,Other Vegies,0.0,1.5,1.5,132.0,0.0,198.0,198.0
545,545,Jack Fruit Young Green,Fresh Produce,Asian Vegies,1.2,1.99,0.79,6.0,7.2,11.94,4.74
547,547,Jambo Kalamata Olives,Fresh Produce,Other Vegies,4.5,5.989999999999998,1.4899999999999993,34.452999999999996,155.0385,206.37347,51.334970000000006
548,548,Josephine Pears,Fresh Produce,Pears,1.0,2.9900000000000073,1.9900000000000062,266.02999999999986,266.02999999999986,795.4296999999997,529.3997
550,550,Kaffir Lime Leaves,Fresh Produce,Herbs,0.0,2.0,2.0,5.0,0.0,10.0,10.0
551,551,Kalamata Olives,Fresh Produce,Veggies,4.5,5.0,0.5,149.53900000000002,672.9255000000002,747.6950000000003,74.76950000000001
553,553,Kang Kong,Fresh Produce,Asian Vegies,1.5,14.0,12.5,25.248000000000008,37.87200000000001,353.47200000000004,315.6000000000001
556,556,Katta Sambol Veg,Fresh Produce,Other Vegies,4.7,6.2,1.5,3.0,14.100000000000001,18.6,4.5
559,559,Keitt Mango,Fresh Produce,Fruits,0.0,2.5,2.5,56.0,0.0,140.0,140.0
560,560,Kensington Pride Mango,Fresh Produce,Fruits,0.0,2.0,2.0,1907.234,0.0,3814.468,3814.468
561,561,Kensington Pride Mangoes Large,Fresh Produce,Fruits,0.0,3.0,3.0,1499.0,0.0,4497.0,4497.0
562,562,Keow Mango,Fresh Produce,Tropical Fruits,0.0,4.5,4.5,19.865999999999996,0.0,89.39700000000002,89.39700000000002
564,564,King Oyster,Fresh Produce,Mushrooms,0.0,3.990000000000007,3.990000000000007,178.0,0.0,710.2200000000013,710.2200000000013
565,565,King Oyster Baby,Fresh Produce,Mushrooms,0.0,3.7,3.7,1.0,0.0,3.7,3.7
571,571,Kiwi Fruit Gold,Fresh Produce,Other Fruits,0.5,1.8000000000000074,1.300000000000007,870.0,435.0,1565.9999999999973,1130.9999999999986
572,572,Kiwi Fruit Green,Fresh Produce,Other Fruits,0.0,5.5,5.5,860.9139999999999,0.0,4735.026999999991,4735.026999999991
573,573,Kohlrabi,Fresh Produce,Other Vegies,0.0,3.0,3.0,321.0,0.0,963.0,963.0
574,574,Kohlrabi Purple,Fresh Produce,Root Vegies,0.0,3.0,3.0,14.0,0.0,42.0,42.0
577,577,Lady Jane Mango,Fresh Produce,Grapes,0.0,2.0,2.0,83.0,0.0,166.0,166.0
581,581,Late Imperial Mandarines,Fresh Produce,Citrus Fruits,0.0,2.990000000000003,2.990000000000003,67.266,0.0,201.12534000000008,201.12534000000008
582,582,Leek,Fresh Produce,Other Vegies,1.0,2.0,1.0,3815.0,3815.0,7630.0,3815.0
583,583,Leek Baby,Fresh Produce,Other Vegies,0.0,0.8,0.8,21.0,0.0,16.800000000000004,16.800000000000004
584,584,Lemon,Fresh Produce,Citrus Fruits,0.0,2.9899999999998244,2.9899999999998244,1879.221000000005,0.0,5618.870789999984,5618.870789999984
585,585,Lemon 1Kg,Fresh Produce,Citrus Fruits,2.75,1.9899999999999998,-0.76,5.0,13.75,9.95,-3.8
588,588,Lemongrass,Fresh Produce,Herbs,0.0,1.1999999999999935,1.1999999999999935,424.0,0.0,508.79999999999785,508.79999999999785
590,590,Lettuce Cos,Fresh Produce,Lettuces,0.0,3.0,3.0,392.0,0.0,1176.0,1176.0
591,591,Lettuce Iceberg,Fresh Produce,Lettuces,0.0,2.5,2.5,5812.0,0.0,14530.0,14530.0
592,592,Lettuce Oak Green,Fresh Produce,Lettuces,0.0,2.0,2.0,329.0,0.0,658.0,658.0
593,593,Lettuce Rocket,Fresh Produce,Lettuces,0.0,20.0,20.0,53.23599999999995,0.0,1064.7199999999987,1064.7199999999987
594,594,Lettuce Salad Mix Loose,Fresh Produce,Lettuces,12.0,12.0,0.0,197.62400000000088,2371.487999999988,2371.487999999988,0.0
599,599,Limes,Fresh Produce,Citrus Fruits,0.3999999999999982,8.5,8.1000000000001,216.20400000000018,86.48160000000009,1837.7340000000024,1751.2524000000008
611,611,Long Melon,Fresh Produce,Asian Vegies,3.0,3.9900000000000073,0.990000000000002,178.14400000000006,534.4319999999996,710.7945599999997,176.36255999999995
612,612,Longans,Fresh Produce,Tropical Fruits,10.0,8.5,-1.5,30.73799999999999,307.38000000000005,261.27300000000014,-46.10700000000001
615,615,Lychees,Fresh Produce,Tropical Fruits,0.0,14.989999999999885,14.989999999999885,116.32199999999997,0.0,1743.6667800000005,1743.6667800000005
640,640,Mandarin Imperial,Fresh Produce,Citrus Fruits,1.0,2.5,1.5,4121.469999999995,4121.469999999995,10303.674999999957,6182.205000000013
641,641,Mandarine Clementine,Fresh Produce,Citrus Fruits,0.0,3.0,3.0,44.33600000000002,0.0,133.008,133.008
643,643,Mango 2For 3.00,Fresh Produce,Deals,0.0,3.0,3.0,502.0,0.0,1506.0,1506.0
646,646,Mangosteen,Fresh Produce,Cut Fruits,0.0,17.0,17.0,4.609999999999999,0.0,78.37,78.37
650,650,Marjoram,Fresh Produce,Herbs,0.0,3.5,3.5,3.0,0.0,10.5,10.5
687,687,Methi Leaves,Fresh Produce,Bunch Vegies,0.0,2.0,2.0,39.0,0.0,78.0,78.0
688,688,Micro Herbs,Fresh Produce,Herbs,0.0,3.0,3.0,10.0,0.0,30.0,30.0
695,695,Mint Fresh,Fresh Produce,Herbs,0.0,2.2999999999999714,2.2999999999999714,764.0,0.0,1757.19999999998,1757.19999999998
696,696,Mint Vietnamese,Fresh Produce,Herbs,0.0,3.5,3.5,3.0,0.0,10.5,10.5
700,700,Mix Cherry Tomatoes,Fresh Produce,Tomatoes,2.0,3.0,1.0,1.0,2.0,3.0,1.0
701,701,Mix Medley Tomatoes,Fresh Produce,Tomatoes,2.0,2.0,0.0,61.0,122.0,122.0,0.0
707,707,Moon Drop Grapes,Fresh Produce,Grapes,0.0,6.990000000000004,6.990000000000004,16.968,0.0,118.60631999999998,118.60631999999998
720,720,Mushroom Button,Fresh Produce,Mushrooms,0.0,10.99,10.99,0.33399999999999996,0.0,3.67066,3.67066
721,721,Mushroom Cup,Fresh Produce,Mushrooms,5.0,8.990000000000661,3.9899999999998155,933.1770000000026,4665.884999999999,8389.261229999976,3723.3762300000026
722,722,Mushroom Enoki,Fresh Produce,Mushrooms,0.0,1.9899999999999984,1.9899999999999984,60.0,0.0,119.39999999999988,119.39999999999988
723,723,Mushroom Flat,Fresh Produce,Mushrooms,0.0,9.98999999999983,9.98999999999983,300.88700000000006,0.0,3005.861129999998,3005.861129999998
724,724,Mushroom Oyster 150G,Fresh Produce,Mushrooms,0.0,4.0,4.0,185.0,0.0,740.0,740.0
725,725,Mushroom Shitake,Fresh Produce,Mushrooms,0.0,3.5,3.5,105.0,0.0,367.5,367.5
726,726,Mushroom Swiss,Fresh Produce,Mushrooms,0.0,3.9899999999999984,3.9899999999999984,32.0,0.0,127.67999999999995,127.67999999999995
727,727,Mushrooms Sliced 200G,Fresh Produce,Mushrooms,2.0,3.0,1.0,26.0,52.0,78.0,26.0
735,735,Nam D0C Mai Mango,Fresh Produce,Fruits,0.0,6.990000000000008,6.990000000000008,144.264,0.0,1008.4053599999993,1008.4053599999993
736,736,Natural Dates 1Kg Medjioul,Fresh Produce,Other Fruits,1.5,23.0,21.5,7.0,10.5,161.0,150.5
737,737,Navel Oranges 3Kg,Fresh Produce,Citrus Fruits,3.5,3.989999999999891,0.4900000000000063,1112.0,3892.0,4436.879999999882,544.8800000000065
738,738,Nectarine White,Fresh Produce,Stonefruits,1.1999999999999136,2.9899999999998226,1.7899999999999672,3209.975000000004,3851.9699999999943,9597.82524999999,5745.8552500000105
739,739,Nectarine Yellow,Fresh Produce,Stonefruits,0.0,2.989999999999842,2.989999999999842,1899.376000000001,0.0,5679.134240000004,5679.134240000004
746,746,Ohanez Grapes,Fresh Produce,Grapes,0.0,3.9900000000000007,3.9900000000000007,5.244,0.0,20.923560000000002,20.923560000000002
747,747,Okra,Fresh Produce,Asian Vegies,8.34999999999975,9.990000000000547,1.639999999999997,1004.2049999999997,8385.111749999985,10032.007949999996,1646.8961999999974
753,753,Onion Brown,Fresh Produce,Onions,0.0,1.9899999999998423,1.9899999999998423,2267.3190000000004,0.0,4511.964810000002,4511.964810000002
757,757,Onion Pickling,Fresh Produce,Onions,1.5,1.9900000000000078,0.49000000000000504,367.18299999999994,550.7745000000001,730.69417,179.9196699999998
758,758,Onion Red,Fresh Produce,Onions,0.0,2.9899999999998346,2.9899999999998346,1292.6350000000007,0.0,3864.9786500000055,3864.9786500000055
759,759,Onion Red 2Kg,Fresh Produce,Onions,2.0,4.5,2.5,1062.0,2124.0,4779.0,2655.0
760,760,Onion Shallots,Fresh Produce,Onions,5.0,6.989999999999852,1.9900000000000082,281.0000000000004,1405.0000000000002,1964.190000000003,559.19
761,761,Onion Shoot 2For,Fresh Produce,Deals,0.0,4.0,4.0,2.0,0.0,8.0,8.0
762,762,Onion Spring,Fresh Produce,Bunch Vegies,0.5999999999999459,1.5,0.9000000000000293,5586.0,3351.599999999743,8379.0,5027.399999999927
763,763,Onion White,Fresh Produce,Onions,0.0,4.990000000000007,4.990000000000007,104.16400000000007,0.0,519.7783600000001,519.7783600000001
764,764,Orange Blood,Fresh Produce,Citrus Fruits,0.0,3.990000000000007,3.990000000000007,124.28000000000002,0.0,495.8772000000003,495.8772000000003
765,765,Orange Navel,Fresh Produce,Citrus Fruits,0.0,2.989999999999832,2.989999999999832,3451.1040000000007,0.0,10318.80096000001,10318.80096000001
766,766,Orange Navel Australian,Fresh Produce,Citrus Fruits,0.75,4.0,3.25,60.571999999999996,45.429,242.28799999999998,196.859
767,767,Orange Valencia,Fresh Produce,Citrus Fruits,0.0,2.5,2.5,936.5539999999991,0.0,2341.3849999999993,2341.3849999999993
768,768,Oregano,Fresh Produce,Herbs,0.0,3.0,3.0,3.0,0.0,9.0,9.0
770,770,Pac Choy,Fresh Produce,Asian Vegies,0.5,0.8999999999999864,0.3999999999999978,927.0,463.5,834.2999999999887,370.79999999999774
771,771,Pac Choy 3 For $2.,Fresh Produce,Deals,1.8000000000000411,2.0,0.1999999999999936,1746.0,3142.8000000000684,3492.0,349.19999999998896
772,772,Packham Pear 1Kg,Fresh Produce,Pears,0.0,2.9900000000000007,2.9900000000000007,25.0,0.0,74.75000000000001,74.75000000000001
773,773,Pak Choy,Fresh Produce,Asian Vegies,0.5,1.2,0.7,2.0,1.0,2.4,1.4
774,774,Palmer Mango,Fresh Produce,Fruits,0.0,2.5,2.5,4.0,0.0,10.0,10.0
775,775,Pandan Leaves,Fresh Produce,Other Vegies,1.0,2.0,1.0,381.0,381.0,762.0,381.0
778,778,Papaws Yellow,Fresh Produce,Tropical Fruits,3.5,3.9899999999999998,0.49000000000000016,30.32200000000001,106.127,120.98478,14.85778
779,779,Papaya,Fresh Produce,Fruits,2.5,2.99,0.48999999999999955,50.581999999999994,126.45500000000001,151.24017999999998,24.785179999999997
780,780,Papaya Red,Fresh Produce,Tropical Fruits,0.0,5.0,5.0,2128.8199999999993,0.0,10644.099999999977,10644.099999999977
784,784,Paradise Pear,Fresh Produce,Pears,0.0,3.990000000000002,3.990000000000002,21.769,0.0,86.85831000000002,86.85831000000002
785,785,Parsley Continental,Fresh Produce,Herbs,0.0,1.7000000000000173,1.7000000000000173,1515.0,0.0,2575.4999999999986,2575.4999999999986
786,786,Parsley Curly,Fresh Produce,Herbs,0.0,2.0,2.0,639.0,0.0,1278.0,1278.0
787,787,Parsnip,Fresh Produce,Root Vegies,0.0,5.0,5.0,284.0699999999997,0.0,1420.3499999999992,1420.3499999999992
789,789,Passata 6 For $8,Fresh Produce,Deals,0.0,8.0,8.0,28.0,0.0,224.0,224.0
792,792,Passionfruit,Fresh Produce,Tropical Fruits,0.0,0.9900000000000005,0.9900000000000005,147.0,0.0,145.53,145.53
793,793,Passionfruit 2 For $2,Fresh Produce,Deals,1.0,2.0,1.0,818.0,818.0,1636.0,818.0
802,802,Pawpaw,Fresh Produce,Tropical Fruits,0.0,4.5,4.5,0.538,0.0,2.4210000000000003,2.4210000000000003
803,803,Peach Clingstone,Fresh Produce,Stonefruits,0.0,3.9899999999998643,3.9899999999998643,1188.2710000000015,0.0,4741.201290000003,4741.201290000003
804,804,Peaches White,Fresh Produce,Stonefruits,0.0,3.5,3.5,1771.920999999998,0.0,6201.723500000001,6201.723500000001
805,805,Peaches Yellow,Fresh Produce,Stonefruits,0.0,3.989999999999845,3.989999999999845,1373.376000000001,0.0,5479.770239999987,5479.770239999987
810,810,Pear Bosc,Fresh Produce,Pears,2.5,2.989999999999999,0.49000000000000005,36.00199999999999,90.00500000000001,107.64598000000001,17.64098
811,811,Pear Corella,Fresh Produce,Pears,2.5,3.0,0.5,1744.2569999999962,4360.642499999999,5232.771000000005,872.1284999999981
812,812,Pear Nashi,Fresh Produce,Pears,4.0,2.9900000000000078,-1.0099999999999958,256.4279999999998,1025.7119999999993,766.7197199999993,-258.99228000000016
813,813,Pear Packham,Fresh Produce,Pears,2.0,2.989999999999823,0.9899999999999048,3600.093000000001,7200.186000000002,10764.278070000028,3564.09207000001
814,814,Pears 300G,Fresh Produce,Pears,3.5999999999999983,4.989999999999999,1.3900000000000003,33.0,118.79999999999995,164.67000000000002,45.87000000000001
815,815,Pears Brown Bosc,Fresh Produce,Pears,0.0,3.0,3.0,742.9009999999997,0.0,2228.7029999999972,2228.7029999999972
816,816,Pears William,Fresh Produce,Pears,0.0,1.7999999999999787,1.7999999999999787,572.7880000000002,0.0,1031.0184000000008,1031.0184000000008
817,817,Peas,Fresh Produce,Other Vegies,0.0,6.990000000000003,6.990000000000003,8.261999999999999,0.0,57.75138000000001,57.75138000000001
818,818,Peas Snow,Fresh Produce,Other Vegies,0.0,11.989999999999828,11.989999999999828,147.046,0.0,1763.0815399999985,1763.0815399999985
824,824,Pennywort/ Gotukola,Fresh Produce,Herbs,0.0,20.0,20.0,57.56600000000001,0.0,1151.3199999999995,1151.3199999999995
829,829,Persimmons,Fresh Produce,Other Fruits,0.0,0.9000000000000019,0.9000000000000019,335.61400000000003,0.0,302.05260000000004,302.05260000000004
830,830,Persimons **,Fresh Produce,Other Fruits,0.0,4.989999999999911,4.989999999999911,557.8600000000002,0.0,2783.721399999998,2783.721399999998
831,831,Piel De Sapo Melon,Fresh Produce,Melons,3.0,2.990000000000008,-0.009999999999999893,475.0,1425.0,1420.2500000000036,-4.749999999999949
832,832,Pineapple,Fresh Produce,Tropical Fruits,0.0,4.5,4.5,1322.0,0.0,5949.0,5949.0
835,835,Pineapple Sweet Large,Fresh Produce,Tropical Fruits,2.0,5.0,3.0,350.0,700.0,1750.0,1050.0
836,836,Pink Lady Kids Pack 1Kg,Fresh Produce,Apples,3.5,3.989999999999972,0.49000000000000427,645.0,2257.5,2573.549999999978,316.0500000000025
841,841,Pitted Green Olive 1Kg,Fresh Produce,Asian Vegies,8.0,12.99,4.99,4.0,32.0,51.96,19.96
843,843,Plain Flour 2Kg,Fresh Produce,Asian Vegies,3.0,4.5,1.5,77.0,231.0,346.5,115.5
845,845,Plums Angelino,Fresh Produce,Stonefruits,2.0,4.0,2.0,440.8420000000004,881.6840000000008,1763.3680000000015,881.6840000000008
846,846,Plums Flavour,Fresh Produce,Stonefruits,0.0,3.9900000000000073,3.9900000000000073,191.768,0.0,765.1543199999999,765.1543199999999
847,847,Plums October Sun,Fresh Produce,Stonefruits,0.0,3.5,3.5,16.676,0.0,58.36599999999999,58.36599999999999
848,848,Plums Red,Fresh Produce,Stonefruits,0.0,3.0,3.0,254.70800000000006,0.0,764.1239999999997,764.1239999999997
855,855,Pomegranate,Fresh Produce,Tropical Fruits,1.0,2.5,1.5,758.0,758.0,1895.0,1137.0
856,856,Pomegrante 2For $3,Fresh Produce,Deals,2.9900000000000024,3.0,0.010000000000000005,68.0,203.32000000000014,204.0,0.6800000000000004
857,857,Pomelo,Fresh Produce,Citrus Fruits,4.0,5.989999999999999,1.9899999999999993,19.253999999999998,77.01599999999999,115.33146,38.31546
858,858,Potato Brushed,Fresh Produce,Potatoes,2.25,2.5,0.25,4087.4339999999966,9196.726499999966,10218.584999999981,1021.8584999999991
859,859,Potato Desiree,Fresh Produce,Potatoes,0.0,2.989999999999836,2.989999999999836,2797.9039999999977,0.0,8365.732959999994,8365.732959999994
862,862,Potato Kipfler,Fresh Produce,Potatoes,0.0,5.0,5.0,45.13700000000002,0.0,225.685,225.685
863,863,Potato Red 4Kg,Fresh Produce,Potatoes,3.0,7.0,4.0,4.0,12.0,28.0,16.0
864,864,Potato Sweet Gold,Fresh Produce,Potatoes,0.0,2.989999999999812,2.989999999999812,3812.922000000002,0.0,11400.636780000039,11400.636780000039
865,865,Potato Washed,Fresh Produce,Potatoes,0.0,2.989999999999831,2.989999999999831,2845.2499999999955,0.0,8507.297499999993,8507.297499999993
866,866,Potatoes Red 5Kg,Fresh Produce,Potatoes,0.0,6.0,6.0,1602.0,0.0,9612.0,9612.0
867,867,Potatoes Royal Blue,Fresh Produce,Potatoes,0.0,2.9900000000000015,2.9900000000000015,18.974,0.0,56.732260000000004,56.732260000000004
869,869,Prepacked Chinese Garlic,Fresh Produce,Onions,1.0,3.5,2.5,56.0,56.0,196.0,140.0
870,870,President Plum,Fresh Produce,Stonefruits,0.0,4.989999999999998,4.989999999999998,11.82,0.0,58.98180000000001,58.98180000000001
872,872,Prickly Pears,Fresh Produce,Tropical Fruits,2.0,4.990000000000007,2.9900000000000064,104.36999999999998,208.73999999999995,520.8063,312.06629999999984
873,873,Pumpkin Butternut,Fresh Produce,Pumpkins,0.0,1.9899999999998825,1.9899999999998825,2663.542,0.0,5300.448579999999,5300.448579999999
874,874,Pumpkin Grey,Fresh Produce,Pumpkins,0.0,1.9899999999999713,1.9899999999999713,1637.2630000000017,0.0,3258.1533699999986,3258.1533699999986
875,875,Pumpkin Japanese/Kent,Fresh Produce,Pumpkins,0.0,1.989999999999837,1.989999999999837,4884.188999999998,0.0,9719.536110000026,9719.536110000026
881,881,Purple Striped Eggplant,Fresh Produce,Other Vegies,0.0,6.0,6.0,78.894,0.0,473.3639999999999,473.3639999999999
883,883,Quinces,Fresh Produce,Other Fruits,0.1000000000000005,4.990000000000007,4.890000000000021,257.15599999999995,25.715599999999995,1283.2084400000012,1257.49284
884,884,R2E2 Mango,Fresh Produce,Tropical Fruits,1.0,2.5,1.5,904.0360000000001,904.0360000000001,2260.09,1356.054
885,885,R2E2 Mango 2,Fresh Produce,Deals,0.0,2.79999999999997,2.79999999999997,1014.0,0.0,2839.2000000000126,2839.2000000000126
886,886,Radicchio,Fresh Produce,Lettuces,2.5,4.5,2.0,117.0,292.5,526.5,234.0
887,887,Radish Red,Fresh Produce,Bunch Vegies,2.5,4.990000000000001,2.490000000000001,2.132,5.33,10.63868,5.308680000000001
888,888,Radish White,Fresh Produce,Asian Vegies,0.0,2.989999999999874,2.989999999999874,1124.1900000000007,0.0,3361.328099999994,3361.328099999994
889,889,Radish White Bunch,Fresh Produce,Bunch Vegies,0.0,3.5,3.5,21.0,0.0,73.5,73.5
890,890,Rainbow Silverbeet,Fresh Produce,Bunch Vegies,0.0,2.99,2.99,9.0,0.0,26.910000000000004,26.910000000000004
892,892,Rambutan,Fresh Produce,Tropical Fruits,0.0,18.0,18.0,10.524000000000001,0.0,189.432,189.432
896,896,Rape,Fresh Produce,Bunch Vegies,2.5,3.0,0.5,300.0,750.0,900.0,150.0
905,905,Red Onion 10Kg,Fresh Produce,Onions,10.0,18.0,8.0,85.0,850.0,1530.0,680.0
907,907,Red Radish Bunch,Fresh Produce,Bunch Vegies,2.5,1.7999999999999943,-0.699999999999995,412.0,1030.0,741.5999999999975,-288.39999999999816
909,909,Red Raw Rice 5G Cic,Fresh Produce,Root Vegies,9.25,11.99,2.74,3.0,27.75,35.97,8.22
913,913,Red Shallots,Fresh Produce,Onions,0.0,9.0,9.0,0.532,0.0,4.788,4.788
917,917,Red Tip Banana,Fresh Produce,Bananas,0.0,3.9900000000000055,3.9900000000000055,41.114000000000004,0.0,164.04486,164.04486
919,919,Rhubarb,Fresh Produce,Bunch Vegies,0.0,4.5,4.5,65.0,0.0,292.5,292.5
933,933,Rockmelon,Fresh Produce,Melons,0.0,1.799999999999968,1.799999999999968,1268.0,0.0,2282.399999999985,2282.399999999985
934,934,Rockmelon Half,Fresh Produce,Cut Fruits,1.0,1.0,0.0,48.0,48.0,48.0,0.0
935,935,Rosemary,Fresh Produce,Herbs,0.0,3.5,3.5,17.0,0.0,59.5,59.5
937,937,Royal Gala 1Kg Punnet,Fresh Produce,Apples,0.0,3.9900000000000078,3.9900000000000078,416.0,0.0,1659.8400000000033,1659.8400000000033
941,941,Sage,Fresh Produce,Herbs,0.0,3.5,3.5,7.0,0.0,24.5,24.5
943,943,Salad Onion,Fresh Produce,Onions,0.0,1.5,1.5,178.0,0.0,267.0,267.0
944,944,Salted Olives Black,Fresh Produce,Other Vegies,0.0,9.989999999999831,9.989999999999831,459.9799999999998,0.0,4595.200199999995,4595.200199999995
949,949,Savoy Cabbage Quter,Fresh Produce,Cut Veggies,0.0,1.25,1.25,1.0,0.0,1.25,1.25
950,950,Savoy Half,Fresh Produce,Cut Veggies,0.0,3.0,3.0,685.0,0.0,2055.0,2055.0
969,969,Silverbeet,Fresh Produce,Bunch Vegies,0.0,3.0,3.0,1089.0,0.0,3267.0,3267.0
971,971,Sinqua (Angled Luffa),Fresh Produce,Asian Vegies,4.5,5.5,1.0,290.1780000000002,1305.8010000000008,1595.9790000000014,290.1780000000002
972,972,Slim Leeks 3 For $ 1,Fresh Produce,Deals,0.6000000000000008,1.0,0.3999999999999996,79.0,47.400000000000034,79.0,31.599999999999994
973,973,Snake Gourd,Fresh Produce,Asian Vegies,0.0,4.990000000000002,4.990000000000002,18.032,0.0,89.97968000000003,89.97968000000003
974,974,Snow Pea Tendrils,Fresh Produce,Lettuces,0.0,19.0,19.0,5.0,0.0,95.0,95.0
986,986,Spinach Bunch,Fresh Produce,Bunch Vegies,0.0,3.0,3.0,2295.0,0.0,6885.0,6885.0
987,987,Spinach Bunch 2For,Fresh Produce,Deals,0.0,3.5,3.5,235.0,0.0,822.5,822.5
988,988,Spinach Lettuce Mix,Fresh Produce,Lettuces,0.0,11.990000000000284,11.990000000000284,261.87200000000024,0.0,3139.8452799999973,3139.8452799999973
992,992,Spring Onion 2 For,Fresh Produce,Deals,0.0,2.5,2.5,50.0,0.0,125.0,125.0
995,995,Sprouts Bean Shoots,Fresh Produce,Veggies,0.0,5.0,5.0,59.501999999999995,0.0,297.51,297.51
996,996,Squash Yellow,Fresh Produce,Other Vegies,0.0,1.99,1.99,1.282,0.0,2.55118,2.55118
997,997,Strawberry 2 For $ 3,Fresh Produce,Deals,0.0,3.0,3.0,71.0,0.0,213.0,213.0
998,998,Strawberry 3 For $5.00,Fresh Produce,Deals,2.5,5.0,2.5,1.0,2.5,5.0,2.5
1000,1000,Sugar Plum,Fresh Produce,Stonefruits,0.0,4.5,4.5,38.02599999999999,0.0,171.117,171.117
1005,1005,Sundowner Apples,Fresh Produce,Apples,0.0,3.5,3.5,461.63800000000003,0.0,1615.7330000000002,1615.7330000000002
1010,1010,Suntina Mandarine,Fresh Produce,Citrus Fruits,0.0,4.9900000000000055,4.9900000000000055,49.19399999999999,0.0,245.47806,245.47806
1014,1014,Swedes Turnips,Fresh Produce,Root Vegies,3.5,5.0,1.5,111.94500000000004,391.80750000000023,559.725,167.91750000000016
1015,1015,Sweet Corn,Fresh Produce,Other Vegies,0.0,1.2000000000000268,1.2000000000000268,2404.0,0.0,2884.7999999999956,2884.7999999999956
1016,1016,Sweet Potatoes Purple,Fresh Produce,Potatoes,2.5,2.989999999999867,0.4900000000000075,1451.9279999999972,3629.8199999999997,4341.264720000001,711.44472
1018,1018,Sweet Tooth Mango,Fresh Produce,Fruits,0.0,3.5,3.5,10.0,0.0,35.0,35.0
1029,1029,Tangelos,Fresh Produce,Citrus Fruits,1.0,1.9900000000000064,0.9900000000000042,248.58800000000014,248.58800000000014,494.6901199999999,246.10211999999981
1030,1030,Taro,Fresh Produce,Potatoes,5.0,9.990000000000007,4.990000000000006,80.94399999999999,404.71999999999974,808.6305599999998,403.9105600000001
1031,1031,Taylor Lee,Fresh Produce,Citrus Fruits,0.0,1.990000000000001,1.990000000000001,107.20400000000002,0.0,213.33595999999994,213.33595999999994
1039,1039,Thai Eggplant,Fresh Produce,Asian Vegies,4.5,4.990000000000008,0.49000000000000055,137.92600000000004,620.6669999999999,688.2507400000005,67.58374000000002
1040,1040,Thai Green Chilli,Fresh Produce,Chillies,0.0,25.0,25.0,50.21700000000003,0.0,1255.4250000000002,1255.4250000000002
1044,1044,Thalapath Dried Araliya,Fresh Produce,Asian Vegies,5.35,6.99,1.64,1.0,5.35,6.99,1.64
1046,1046,Thyme Garden,Fresh Produce,Herbs,0.0,3.5,3.5,20.0,0.0,70.0,70.0
1051,1051,Tomato Field,Fresh Produce,Tomatoes,1.5,2.0,0.5,30.214,45.321,60.428,15.107
1052,1052,Tomato Mini Roma 250G,Fresh Produce,Tomatoes,2.5,2.9899999999999913,0.4900000000000051,813.0,2032.5,2430.869999999984,398.37000000000387
1053,1053,Tomato Sweet Cherry Vine,Fresh Produce,Tomatoes,0.0,2.5,2.5,3.0,0.0,7.5,7.5
1054,1054,"Tomato,Onion & Garlic ",Fresh Produce,Cut Veggies,0.0,2.9899999999999998,2.9899999999999998,30.0,0.0,89.69999999999997,89.69999999999997
1055,1055,Tomatoes Cherry,Fresh Produce,Tomatoes,0.0,3.0,3.0,1424.0,0.0,4272.0,4272.0
1056,1056,Tomatoes Grape,Fresh Produce,Tomatoes,0.0,2.990000000000006,2.990000000000006,163.0,0.0,487.37000000000074,487.37000000000074
1057,1057,Tomatoes Hydroponic,Fresh Produce,Tomatoes,0.0,5.990000000000004,5.990000000000004,19.452,0.0,116.51747999999999,116.51747999999999
1058,1058,Tomatoes Roma,Fresh Produce,Tomatoes,0.0,4.989999999999812,4.989999999999812,1703.7459999999955,0.0,8501.692539999995,8501.692539999995
1059,1059,Tomatoes Truss,Fresh Produce,Tomatoes,0.0,5.9899999999998865,5.9899999999998865,1717.3099999999993,0.0,10286.686899999988,10286.686899999988
1061,1061,Tpp Mango,Fresh Produce,Tropical Fruits,0.0,3.5,3.5,33.0,0.0,115.5,115.5
1070,1070,Turmeric,Fresh Produce,Root Vegies,45.0,25.0,-20.0,2.2900000000000005,103.04999999999997,57.25,-45.79999999999999
1073,1073,Turnips,Fresh Produce,Root Vegies,0.0,2.990000000000008,2.990000000000008,163.8679999999999,0.0,489.96531999999956,489.96531999999956
1074,1074,Tuscan Kale,Fresh Produce,Bunch Vegies,2.5,2.9900000000000073,0.489999999999998,257.0,642.5,768.4300000000019,125.92999999999954
1096,1096,Wash Potatoes 5Kg,Fresh Produce,Potatoes,0.0,6.0,6.0,1148.0,0.0,6888.0,6888.0
1097,1097,Washed Potatoes 2.5Kg,Fresh Produce,Potatoes,2.5,5.0,2.5,23.0,57.5,115.0,57.5
1098,1098,Watercress,Fresh Produce,Bunch Vegies,0.0,2.990000000000001,2.990000000000001,17.0,0.0,50.83000000000002,50.83000000000002
1099,1099,Watermelon Seeded,Fresh Produce,Melons,0.0,1.809090909,1.809090909,2.0,0.0,3.618181818,3.618181818
1100,1100,Watermelon Seedless,Fresh Produce,Melons,1.0,1.4899999999998201,0.48999999999989785,20791.035999999964,20791.035999999964,30978.64364000002,10187.607639999975
1119,1119,Wijaya Fish Curry Powder 70G,Fresh Produce,Pumpkins,1.1,1.9899999999999998,0.8900000000000002,20.0,22.000000000000004,39.8,17.800000000000004
1126,1126,Winter Melon,Fresh Produce,Asian Vegies,0.0,2.99,2.99,5.782,0.0,17.288180000000004,17.288180000000004
1127,1127,Wombok Half,Fresh Produce,Cut Veggies,2.0,2.5,0.5,586.0,1172.0,1465.0,293.0
1128,1128,Ya Pears,Fresh Produce,Pears,0.0,3.9900000000000015,3.9900000000000015,10.2,0.0,40.69800000000001,40.69800000000001
1130,1130,Yam,Fresh Produce,Potatoes,0.0,10.0,10.0,10.356,0.0,103.56,103.56
1133,1133,Zafarelli,Fresh Produce,Bunch Vegies,1.0,1.5,0.5,12.0,12.0,18.0,6.0
1134,1134,Zucchini Green,Fresh Produce,Other Vegies,0.0,3.5,3.5,2406.732999999995,0.0,8423.565500000002,8423.565500000002
1135,1135,Zucchini Lebanese,Fresh Produce,Other Vegies,0.0,3.49,3.49,1.7080000000000002,0.0,5.96092,5.96092
